SCIENTIFIC.NAME,COMMON.NAME,migration_status,Status_Origin
Accipiter striatus,Sharp-shinned Hawk,migratory,AVONET
Acridotheres tristis,Common Myna,migratory,AVONET
Actitis macularius,Spotted Sandpiper,migratory,AVONET
Agelaius phoeniceus,Red-winged Blackbird,migratory,AVONET
Alca torda,Razorbill,migratory,AVONET
Alopochen aegyptiaca,Egyptian Goose,migratory,AVONET
Ammodramus savannarum,Grasshopper Sparrow,migratory,AVONET
Anarhynchus wilsonia,Wilsons Plover,migratory,All About Birds
Anas acuta,Northern Pintail,migratory,AVONET
Anas bahamensis,White-cheeked Pintail,migratory,AVONET
Anas crecca,Green-winged Teal,migratory,AVONET
Anas fulvigula,Mottled Duck,migratory,AVONET
Anas platyrhynchos,Mallard,migratory,AVONET
Anous stolidus,Brown Noddy,migratory,AVONET
Anser anser,Graylag Goose,migratory,AVONET
Anthus rubescens,American Pipit,migratory,AVONET
Antigone canadensis,Sandhill Crane,migratory,AVONET
Antrostomus carolinensis,Chuck-wills-widow,migratory,AVONET
Antrostomus vociferus,Eastern Whip-poor-will,migratory,AVONET
Archilochus colubris,Ruby-throated Hummingbird,migratory,AVONET
Ardea alba,Great Egret,migratory,AVONET
Ardea herodias,Great Blue Heron,migratory,AVONET
Ardenna gravis,Great Shearwater,migratory,AVONET
Arenaria interpres,Ruddy Turnstone,migratory,AVONET
Astur cooperii,Coopers Hawk,migratory,All About Birds
Aythya affinis,Lesser Scaup,migratory,AVONET
Aythya americana,Redhead,migratory,AVONET
Aythya collaris,Ring-necked Duck,migratory,AVONET
Aythya marila,Greater Scaup,migratory,AVONET
Aythya valisineria,Canvasback,migratory,AVONET
Bombycilla cedrorum,Cedar Waxwing,migratory,AVONET
Botaurus exilis,Least Bittern,migratory,All About Birds
Botaurus lentiginosus,American Bittern,migratory,AVONET
Branta canadensis,Canada Goose,migratory,AVONET
Branta leucopsis,Barnacle Goose,migratory,AVONET
Bucephala albeola,Bufflehead,migratory,AVONET
Buteo jamaicensis,Red-tailed Hawk,migratory,AVONET
Buteo lineatus,Red-shouldered Hawk,migratory,AVONET
Buteo platypterus,Broad-winged Hawk,migratory,AVONET
Buteo swainsoni,Swainsons Hawk,migratory,AVONET
Calidris alba,Sanderling,migratory,AVONET
Calidris alpina,Dunlin,migratory,AVONET
Calidris canutus,Red Knot,migratory,AVONET
Calidris fuscicollis,White-rumped Sandpiper,migratory,AVONET
Calidris himantopus,Stilt Sandpiper,migratory,AVONET
Calidris mauri,Western Sandpiper,migratory,AVONET
Calidris melanotos,Pectoral Sandpiper,migratory,AVONET
Calidris minutilla,Least Sandpiper,migratory,AVONET
Calidris pusilla,Semipalmated Sandpiper,migratory,AVONET
Calonectris borealis,Corys Shearwater,migratory,AVONET
Cardellina canadensis,Canada Warbler,migratory,AVONET
Cardellina pusilla,Wilsons Warbler,migratory,AVONET
Cathartes aura,Turkey Vulture,migratory,AVONET
Catharus fuscescens,Veery,migratory,AVONET
Catharus guttatus,Hermit Thrush,migratory,AVONET
Catharus minimus,Gray-cheeked Thrush,migratory,AVONET
Catharus ustulatus,Swainsons Thrush,migratory,AVONET
Chaetura pelagica,Chimney Swift,migratory,AVONET
Charadrius melodus,Piping Plover,migratory,AVONET
Charadrius semipalmatus,Semipalmated Plover,migratory,AVONET
Charadrius vociferus,Killdeer,migratory,AVONET
Chlidonias niger,Black Tern,migratory,AVONET
Chondestes grammacus,Lark Sparrow,migratory,AVONET
Chordeiles acutipennis,Lesser Nighthawk,migratory,AVONET
Chordeiles gundlachii,Antillean Nighthawk,migratory,AVONET
Chordeiles minor,Common Nighthawk,migratory,AVONET
Chroicocephalus philadelphia,Bonapartes Gull,migratory,All About Birds
Circus hudsonius,Northern Harrier,migratory,AVONET
Cistothorus palustris,Marsh Wren,migratory,AVONET
Cistothorus stellaris,Sedge Wren,migratory,AVONET
Coccyzus americanus,Yellow-billed Cuckoo,migratory,AVONET
Coccyzus minor,Mangrove Cuckoo,migratory,AVONET
Colaptes auratus,Northern Flicker,migratory,AVONET
Contopus cooperi,Olive-sided Flycatcher,migratory,AVONET
Contopus virens,Eastern Wood-Pewee,migratory,AVONET
Coragyps atratus,Black Vulture,migratory,AVONET
Corthylio calendula,Ruby-crowned Kinglet,migratory,All About Birds
Corvus brachyrhynchos,American Crow,migratory,AVONET
Cygnus atratus,Black Swan,migratory,AVONET
Cygnus olor,Mute Swan,migratory,AVONET
Daptrius chimachima,Yellow-headed Caracara,migratory,All About Birds
Dendrocygna autumnalis,Black-bellied Whistling-Duck,migratory,AVONET
Dendrocygna bicolor,Fulvous Whistling-Duck,migratory,AVONET
Dendrocygna viduata,White-faced Whistling-Duck,migratory,AVONET
Dolichonyx oryzivorus,Bobolink,migratory,AVONET
Dumetella carolinensis,Gray Catbird,migratory,AVONET
Egretta thula,Snowy Egret,migratory,AVONET
Egretta tricolor,Tricolored Heron,migratory,AVONET
Elanoides forficatus,Swallow-tailed Kite,migratory,AVONET
Empidonax alnorum,Alder Flycatcher,migratory,AVONET
Empidonax difficilis,Western Flycatcher,migratory,AVONET
Empidonax flaviventris,Yellow-bellied Flycatcher,migratory,AVONET
Empidonax minimus,Least Flycatcher,migratory,AVONET
Empidonax virescens,Acadian Flycatcher,migratory,AVONET
Eudocimus albus,White Ibis,migratory,AVONET
Falco columbarius,Merlin,migratory,AVONET
Falco peregrinus,Peregrine Falcon,migratory,AVONET
Falco sparverius,American Kestrel,migratory,AVONET
Fregata magnificens,Magnificent Frigatebird,migratory,AVONET
Fulica americana,American Coot,migratory,AVONET
Gallinago delicata,Wilsons Snipe,migratory,AVONET
Gavia immer,Common Loon,migratory,AVONET
Gavia stellata,Red-throated Loon,migratory,AVONET
Gelochelidon nilotica,Gull-billed Tern,migratory,AVONET
Geothlypis formosa,Kentucky Warbler,migratory,AVONET
Geothlypis philadelphia,Mourning Warbler,migratory,AVONET
Geothlypis tolmiei,MacGillivray's Sparrow,migratory,AVONET
Geothlypis trichas,Common Yellowthroat,migratory,AVONET
Haemorhous mexicanus,House Finch,migratory,AVONET
Haliaeetus leucocephalus,Bald Eagle,migratory,AVONET
Helmitheros vermivorum,Worm-eating Warbler,migratory,AVONET
Himantopus mexicanus,Black-necked Stilt,migratory,All About Birds
Hirundo rustica,Barn Swallow,migratory,AVONET
Hydrobates leucorhous,Leachs Storm-Petrel,migratory,AVONET
Hydroprogne caspia,Caspian Tern,migratory,AVONET
Hylocichla mustelina,Wood Thrush,migratory,AVONET
Icterus bullockii,Bullocks Oriole,migratory,All About Birds
Icterus galbula,Baltimore Oriole,migratory,AVONET
Icterus spurius,Orchard Oriole,migratory,AVONET
Ictinia mississippiensis,Mississippi Kite,migratory,AVONET
Lanius ludovicianus,Loggerhead Shrike,migratory,AVONET
Larus delawarensis,Ring-billed Gull,migratory,AVONET
Larus fuscus,Lesser Black-backed Gull,migratory,AVONET
Larus marinus,Great Black-backed Gull,migratory,AVONET
Larus smithsonianus,American Herring Gull,migratory,AVONET
Leiothlypis celata,Orange-crowned Warbler,migratory,AVONET
Leiothlypis peregrina,Tennessee Warbler,migratory,AVONET
Leiothlypis ruficapilla,Nashville Warbler,migratory,AVONET
Leucophaeus pipixcan,Franklins Gull,migratory,All About Birds
Limnodromus griseus,Short-billed Dowitcher,migratory,AVONET
Limnodromus scolopaceus,Long-billed Dowitcher,migratory,AVONET
Limnothlypis swainsonii,Swainsons Warbler,migratory,AVONET
Limosa fedoa,Marbled Godwit,migratory,AVONET
Lophodytes cucullatus,Hooded Merganser,migratory,AVONET
Mareca americana,American Wigeon,migratory,AVONET
Mareca strepera,Gadwall,migratory,AVONET
Megaceryle alcyon,Belted Kingfisher,migratory,AVONET
Melanitta americana,Black Scoter,migratory,AVONET
Melanitta perspicillata,Surf Scoter,migratory,AVONET
Melopsittacus undulatus,Budgerigar,migratory,AVONET
Melospiza georgiana,Swamp Sparrow,migratory,AVONET
Melospiza lincolnii,Lincolns Sparrow,migratory,AVONET
Mergus serrator,Red-breasted Merganser,migratory,AVONET
Mimus polyglottos,Northern Mockingbird,migratory,AVONET
Mniotilta varia,Black-and-white Warbler,migratory,AVONET
Molothrus ater,Brown-headed Cowbird,migratory,AVONET
Morus bassanus,Northern Gannet,migratory,AVONET
Mycteria americana,Wood Stork,migratory,AVONET
Myiarchus cinerascens,Ash-throated Flycatcher,migratory,AVONET
Myiarchus crinitus,Great Crested Flycatcher,migratory,AVONET
Myiarchus tyrannulus,Brown-crested Flycatcher,migratory,AVONET
Myiodynastes luteiventris,Sulphur-bellied Flycatcher,migratory,AVONET
Numenius phaeopus,Whimbrel,migratory,AVONET
Nyctanassa violacea,Yellow-crowned Night Heron,migratory,AVONET
Nycticorax nycticorax,Black-crowned Night Heron,migratory,AVONET
Nymphicus hollandicus,Cockatiel,migratory,AVONET
Oceanites oceanicus,Wilsons Storm-Petrel,migratory,AVONET
Onychoprion anaethetus,Bridled Tern,migratory,AVONET
Onychoprion fuscatus,Sooty Tern,migratory,AVONET
Oporornis agilis,Connecticut Warbler,migratory,AVONET
Pandion haliaetus,Osprey,migratory,AVONET
Parkesia motacilla,Louisiana Waterthrush,migratory,AVONET
Parkesia noveboracensis,Northern Waterthrush,migratory,AVONET
Passerculus sandwichensis,Savannah Sparrow,migratory,AVONET
Passerina caerulea,Blue Grosbeak,migratory,AVONET
Passerina ciris,Painted Bunting,migratory,AVONET
Passerina cyanea,Indigo Bunting,migratory,AVONET
Pelecanus erythrorhynchos,American White Pelican,migratory,AVONET
Petrochelidon fulva,Cave Swallow,migratory,AVONET
Petrochelidon pyrrhonota,Cliff Swallow,migratory,AVONET
Peucaea aestivalis,Bachmans Sparrow,migratory,AVONET
Phalaropus lobatus,Red-necked Phalarope,migratory,AVONET
Pheucticus ludovicianus,Rose-breasted Grosbeak,migratory,AVONET
Pipilo erythrophthalmus,Eastern Towhee,migratory,AVONET
Piranga ludoviciana,Western Tanager,migratory,AVONET
Piranga olivacea,Scarlet Tanager,migratory,AVONET
Piranga rubra,Summer Tanager,migratory,AVONET
Platalea ajaja,Roseate Spoonbill,migratory,AVONET
Plegadis falcinellus,Glossy Ibis,migratory,AVONET
Pluvialis squatarola,Black-bellied Plover,migratory,AVONET
Podiceps auritus,Horned Grebe,migratory,AVONET
Podilymbus podiceps,Pied-billed Grebe,migratory,AVONET
Polioptila caerulea,Blue-gray Gnatcatcher,migratory,AVONET
Porzana carolina,Sora,migratory,AVONET
Protonotaria citrea,Prothonotary Warbler,migratory,AVONET
Puffinus lherminieri,Sargasso Shearwater,migratory,AVONET
Quiscalus quiscula,Common Grackle,migratory,AVONET
Rallus crepitans,Clapper Rail,migratory,AVONET
Rallus limicola,Virginia Rail,migratory,AVONET
Recurvirostra americana,American Avocet,migratory,AVONET
Riparia riparia,Bank Swallow,migratory,AVONET
Rissa tridactyla,Black-legged Kittiwake,migratory,AVONET
Rostrhamus sociabilis,Snail Kite,migratory,AVONET
Rynchops niger,Black Skimmer,migratory,AVONET
Sayornis phoebe,Eastern Phoebe,migratory,AVONET
Seiurus aurocapilla,Ovenbird,migratory,AVONET
Setophaga americana,Northern Parula,migratory,AVONET
Setophaga caerulescens,Black-throated Blue Warbler,migratory,AVONET
Setophaga castanea,Bay-breasted Warbler,migratory,AVONET
Setophaga cerulea,Cerulean Warbler,migratory,AVONET
Setophaga citrina,Hooded Warbler,migratory,AVONET
Setophaga coronata,Yellow-rumped Warbler,migratory,AVONET
Setophaga discolor,Prairie Warbler,migratory,AVONET
Setophaga dominica,Yellow-throated Warbler,migratory,AVONET
Setophaga fusca,Blackburnian Warbler,migratory,AVONET
Setophaga kirtlandii,Kirtlands Warbler,migratory,AVONET
Setophaga magnolia,Magnolia Warbler,migratory,AVONET
Setophaga nigrescens,Black-throated Gray Warbler,migratory,AVONET
Setophaga palmarum,Palm Warbler,migratory,AVONET
Setophaga pensylvanica,Chestnut-sided Warbler,migratory,AVONET
Setophaga petechia,Yellow Warbler,migratory,AVONET
Setophaga pinus,Pine Warbler,migratory,AVONET
Setophaga ruticilla,American Redstart,migratory,AVONET
Setophaga striata,Blackpoll Warbler,migratory,AVONET
Setophaga tigrina,Cape May Warbler,migratory,AVONET
Setophaga townsendi,Townsends Warbler,migratory,AVONET
Setophaga virens,Black-throated Green Warbler,migratory,AVONET
Somateria mollissima,Common Eider,migratory,AVONET
Spatula clypeata,Northern Shoveler,migratory,AVONET
Spatula discors,Blue-winged Teal,migratory,AVONET
Sphyrapicus varius,Yellow-bellied Sapsucker,migratory,AVONET
Spiza americana,Dickcissel,migratory,AVONET
Spizella pallida,Clay-colored Sparrow,migratory,AVONET
Spizella passerina,Chipping Sparrow,migratory,AVONET
Stelgidopteryx serripennis,Northern Rough-winged Swallow,migratory,AVONET
Stercorarius parasiticus,Parasitic Jaeger,migratory,AVONET
Stercorarius pomarinus,Pomarine Jaeger,migratory,AVONET
Sterna dougallii,Roseate Tern,migratory,AVONET
Sterna forsteri,Forsters Tern,migratory,AVONET
Sterna hirundo,Common Tern,migratory,AVONET
Sterna paradisaea,Arctic Tern,migratory,AVONET
Sternula antillarum,Least Tern,migratory,AVONET
Sturnella magna,Eastern Meadowlark,migratory,AVONET
Sturnus vulgaris,European Starling,migratory,AVONET
Sula dactylatra,Masked Booby,migratory,AVONET
Sula leucogaster,Brown Booby,migratory,AVONET
Sula sula,Red-footed Booby,migratory,AVONET
Tachycineta bicolor,Tree Swallow,migratory,AVONET
Thalasseus maximus,Royal Tern,migratory,AVONET
Thalasseus sandvicensis,Sandwich Tern,migratory,AVONET
Toxostoma rufum,Brown Thrasher,migratory,AVONET
Tringa flavipes,Lesser Yellowlegs,migratory,AVONET
Tringa melanoleuca,Greater Yellowlegs,migratory,AVONET
Tringa semipalmata,Willet,migratory,AVONET
Tringa solitaria,Solitary Sandpiper,migratory,AVONET
Turdus migratorius,American Robin,migratory,AVONET
Tyrannus dominicensis,Gray Kingbird,migratory,AVONET
Tyrannus savana,Fork-tailed Flycatcher,migratory,AVONET
Tyrannus tyrannus,Eastern Kingbird,migratory,AVONET
Tyrannus verticalis,Western Kingbird,migratory,AVONET
Vermivora chrysoptera,Golden-winged Warbler,migratory,AVONET
Vermivora cyanoptera,Blue-winged Warbler,migratory,AVONET
Vireo bellii,Bells Vireo,migratory,AVONET
Vireo flavifrons,Yellow-throated Vireo,migratory,AVONET
Vireo gilvus,Warbling Vireo,migratory,AVONET
Vireo griseus,White-eyed Vireo,migratory,AVONET
Vireo olivaceus,Red-eyed Vireo,migratory,AVONET
Vireo philadelphicus,Philadelphia Vireo,migratory,AVONET
Vireo solitarius,Blue-headed Vireo,migratory,AVONET
Xanthocephalus xanthocephalus,Yellow-headed Blackbird,migratory,AVONET
Xema sabini,Sabines Gull,migratory,AVONET
Zonotrichia albicollis,White-throated Sparrow,migratory,AVONET
Zonotrichia leucophrys,White-crowned Sparrow,migratory,AVONET
Aix sponsa,Wood Duck,residential,AVONET
Amazilia yucatanensis,Buff-bellied Hummingbird,residential,AVONET
Amazona aestiva,Turquoise-fronted Amazon,residential,AVONET
Amazona amazonica,Orange-winged Amazon,residential,AVONET
Amazona auropalliata,Yellow-naped Amazon,residential,AVONET
Amazona finschi,Lilac-crowned Amazon,residential,AVONET
Amazona viridigenalis,Red-crowned Amazon,residential,AVONET
Anhinga anhinga,Anhinga,residential,AVONET
Anser cygnoides,Swan Goose,residential,All About Birds
Aphelocoma coerulescens,Florida Scrub-Jay,residential,AVONET
Ara ararauna,Blue-and-yellow Macaw,residential,AVONET
Ara severus,Chestnut-fronted Macaw,residential,AVONET
Aramus guarauna,Limpkin,residential,AVONET
Aratinga nenday,Nanday Parakeet,residential,AVONET
Ardea ibis,Western Cattle-Egret,residential,All About Birds
Athene cunicularia,Burrowing Owl,residential,AVONET
Baeolophus bicolor,Tufted Titmouse,residential,AVONET
Brotogeris chiriri,Yellow-chevroned Parakeet,residential,AVONET
Brotogeris versicolurus,White-winged Parakeet,residential,AVONET
Bubo virginianus,Great Horned Owl,residential,AVONET
Buteo brachyurus,Short-tailed Hawk,residential,AVONET
Butorides virescens,Green Heron,residential,All About Birds
Cairina moschata,Muscovy Duck,residential,AVONET
Caracara plancus,Crested Caracara,residential,AVONET
Cardinalis cardinalis,Northern Cardinal,residential,AVONET
Coccyzus melacoryphus,Dark-billed Cuckoo,residential,AVONET
Coereba flaveola,Bananaquit,residential,AVONET
Colinus virginianus,Northern Bobwhite,residential,AVONET
Columba livia,Rock Pigeon,residential,AVONET
Columbina passerina,Common Ground Dove,residential,AVONET
Corvus ossifragus,Fish Crow,residential,AVONET
Crithagra mozambica,Yellow-fronted Canary,residential,AVONET
Crotophaga ani,Smooth-billed Ani,residential,AVONET
Cyanerpes cyaneus,Red-legged Honeycreeper,residential,AVONET
Cyanocitta cristata,Blue Jay,residential,AVONET
Dryobates pubescens,Downy Woodpecker,residential,AVONET
Dryocopus pileatus,Pileated Woodpecker,residential,All About Birds
Egretta caerulea,Little Blue Heron,residential,AVONET
Egretta rufescens,Reddish Egret,residential,AVONET
Estrilda melpoda,Orange-cheeked Waxbill,residential,AVONET
Euplectes franciscanus,Northern Red Bishop,residential,AVONET
Gallinula galeata,Common Gallinule,residential,AVONET
Gallus gallus,Red Junglefowl,residential,AVONET
Gracula religiosa,Common Hill Myna,residential,AVONET
Haematopus palliatus,American Oystercatcher,residential,AVONET
Icteria virens,Yellow-breasted Chat,residential,AVONET
Icterus pectoralis,Spot-breasted Oriole,residential,AVONET
Lamprotornis caudatus,Long-tailed Glossy Starling,residential,AVONET
Larus heermanni,Heermanns Gull ,residential,AVONET
Leucophaeus atricilla,Laughing Gull,residential,All About Birds
Lonchura punctulata,Scaly-breasted Munia,residential,AVONET
Megascops asio,Eastern Screech-Owl,residential,AVONET
Melanerpes carolinus,Red-bellied Woodpecker,residential,AVONET
Melanerpes erythrocephalus,Red-headed Woodpecker,residential,AVONET
Melanospiza bicolor,Black-faced Grassquit,residential,AVONET
Meleagris gallopavo,Wild Turkey,residential,AVONET
Mimus gilvus,Tropical Mockingbird,residential,AVONET
Mimus gundlachii,Bahama Mockingbird,residential,AVONET
Molothrus aeneus,Bronzed Cowbird,residential,AVONET
Molothrus bonariensis,Shiny Cowbird,residential,AVONET
Myiarchus sagrae,La Sagras Flycatcher,residential,AVONET
Myiopsitta monachus,Monk Parakeet,residential,AVONET
Nannopterum auritum,Double-crested Cormorant,residential,All About Birds
Nannopterum brasilianum,Neotropic Cormorant,residential,All About Birds
Numida meleagris,Helmeted Guineafowl,residential,AVONET
Oxyura jamaicensis,Ruddy Duck,residential,AVONET
Passer domesticus,House Sparrow,residential,AVONET
Patagioenas leucocephala,White-crowned Pigeon,residential,AVONET
Pavo cristatus,Indian Peafowl,residential,AVONET
Pelecanus occidentalis,Brown Pelican,residential,AVONET
Phonipara canora,Cuban Grassquit,residential,AVONET
Poecile carolinensis,Carolina Chickadee,residential,AVONET
Porphyrio martinica,Purple Gallinule,residential,All About Birds
Porphyrio poliocephalus,Gray-headed Swamphen,residential,All About Birds
Progne subis,Purple Martin,residential,AVONET
Psittacara erythrogenys,Red-masked Parakeet,residential,AVONET
Psittacara finschi,Crimson-fronted Parakeet,residential,AVONET
Psittacara holochlorus,Green Parakeet,residential,AVONET
Psittacara leucophthalmus,White-eyed Parakeet,residential,AVONET
Psittacara mitratus,Mitred Parakeet,residential,AVONET
Psittacula krameri,Rose-ringed Parakeet,residential,All About Birds
Pycnonotus jocosus,Red-whiskered Bulbul,residential,AVONET
Quiscalus major,Boat-tailed Grackle,residential,AVONET
Rallus elegans,King Rail,residential,AVONET
Ramphocelus carbo,Silver-beaked Tanager,residential,AVONET
Selasphorus rufus,Rufous Hummingbird,residential,AVONET
Sitta pusilla,Brown-headed Nuthatch,residential,AVONET
Spindalis zena,Western Spindalis,residential,AVONET
Spinus pinus,Pine Siskin,residential,AVONET
Spinus tristis,American Goldfinch,residential,AVONET
Streptopelia decaocto,Eurasian Collared-Dove,residential,AVONET
Strix varia,Barred Owl,residential,AVONET
Thectocercus acuticaudatus,Blue-crowned Parakeet,residential,All About Birds
Thryothorus ludovicianus,Carolina Wren,residential,AVONET
Troglodytes aedon,Northern House Wren,residential,AVONET
Turdus plumbeus,Red-legged Thrush,residential,AVONET
Tyto furcata,American Barn Owl,residential,All About Birds
Uraeginthus bengalus,Red-cheeked Cordonbleu,residential,AVONET
Vidua macroura,Pin-tailed Whydah,residential,AVONET
Vireo altiloquus,Black-whiskered Vireo,residential,AVONET
Vireo crassirostris,Thick-billed Vireo,residential,AVONET
Zenaida asiatica,White-winged Dove,residential,AVONET
Zenaida macroura,Mourning Dove,residential,AVONET