"effect","component","term","estimate","std.error","statistic","p.value"
"fixed","cond","(Intercept)",0.0318769724854236,0.358449145448456,0.0889302510277778,0.929137341948807
"fixed","cond","log1p(nearest_dist_m)",0.147042590534471,0.0232609001968735,6.32144883860663,2.59122171367703e-10
"fixed","cond","Season.L",-6.63293428386722e-05,0.656755122291553,-0.00010099554702708,0.999919417212454
"fixed","cond","Season.Q",0.00160396288647194,0.636100265254011,0.00252155670117734,0.997988090970978
"fixed","cond","Season.C",0.00175926571248603,0.619889480981708,0.00283803124018157,0.997735581730146
"fixed","cond","analysismigratory",0.0110758639210076,0.42326773690484,0.0261675127946208,0.979123728039056
"fixed","cond","analysistotal",0.0136075114420495,0.463368776820727,0.0293664832909406,0.976572303728633
"fixed","cond","ghmi_mean",0.0263383780437782,0.465828420008631,0.0565409427859515,0.954910880047669
"fixed","cond","dominant_class",0.122816926011807,0.0198271613039589,6.19437770888989,5.85157520733682e-10
"fixed","cond","Shape_Area",3.43498193636989e-06,NA,NA,NA
"fixed","cond","log10(number_of_checklists)",0.0624973326382483,0.0510702187826953,1.22375298418391,0.221045425337177
"fixed","cond","log1p(nearest_dist_m):Season.L",-0.000861796323903935,0.0467097689312646,-0.0184500232739773,0.985279846419598
"fixed","cond","log1p(nearest_dist_m):Season.Q",0.00650078687277436,0.0459559478724854,0.141456920675691,0.887508990085138
"fixed","cond","log1p(nearest_dist_m):Season.C",0.00678006481283102,0.0451563596541212,0.150146399416682,0.880649113440261
"fixed","cond","log1p(nearest_dist_m):analysismigratory",0.0518811272150673,0.0302510853920294,1.71501704956137,0.0863421010796842
"fixed","cond","log1p(nearest_dist_m):analysistotal",0.0615903616990509,0.0293989349632032,2.09498615429912,0.0361722233062632
"fixed","cond","Season.L:analysismigratory",0.000118165799889387,NA,NA,NA
"fixed","cond","Season.Q:analysismigratory",0.000706702288570248,0.964112955971221,0.000733007770711198,0.999415144469175
"fixed","cond","Season.C:analysismigratory",0.000773323279815726,0.714784374175888,0.00108189729344228,0.99913677102159
"fixed","cond","Season.L:analysistotal",-0.000293728228001811,0.924831629311125,-0.000317601840910868,0.999746590398915
"fixed","cond","Season.Q:analysistotal",0.000693627211510413,0.988990374700633,0.00070134879899147,0.999440404667424
"fixed","cond","Season.C:analysistotal",0.000771130657200215,0.994313094778324,0.000775541085850965,0.999381207803361
"fixed","cond","Season.L:ghmi_mean",5.13563484710458e-06,0.929751652107079,5.52366305073596e-06,0.999995592754533
"fixed","cond","Season.Q:ghmi_mean",0.00134030453340234,0.903182011234306,0.0014839805451513,0.998815955269076
"fixed","cond","Season.C:ghmi_mean",0.00148409276815679,0.876221257200137,0.00169374202687006,0.998648590032923
"fixed","cond","analysismigratory:ghmi_mean",0.00909949015880283,0.598770399407303,0.0151969605842407,0.987875046485342
"fixed","cond","analysistotal:ghmi_mean",0.0112571623234931,0.608014073009581,0.0185146410637697,0.985228297687966
"fixed","cond","Season.L:dominant_class",0.00031292400394078,0.0405554649478423,0.0077159515824372,0.99384362244812
"fixed","cond","Season.Q:dominant_class",0.00512678079654918,0.0394692609782491,0.129893002034532,0.896651080949871
"fixed","cond","Season.C:dominant_class",0.00542133108092599,0.0384175063153784,0.14111616293939,0.88777817524602
"fixed","cond","analysismigratory:dominant_class",0.0416098320771298,0.0265267753945624,1.56859744383629,0.116741768446719
"fixed","cond","analysistotal:dominant_class",0.0524239344533319,0.025462704077511,2.05885181297902,0.0395084364124782
"fixed","cond","Season.L:Shape_Area",1.03476436983424e-06,NA,NA,NA
"fixed","cond","Season.Q:Shape_Area",1.20885729047685e-06,NA,NA,NA
"fixed","cond","Season.C:Shape_Area",1.70214970548651e-08,NA,NA,NA
"fixed","cond","analysismigratory:Shape_Area",9.1529860472239e-07,NA,NA,NA
"fixed","cond","analysistotal:Shape_Area",2.05064588704515e-06,7.82237669792267e-08,26.2151257378045,1.7866860717254e-151
"fixed","cond","log1p(nearest_dist_m):Season.L:analysismigratory",0.000336495265132831,0.0592593584665285,0.00567834809286526,0.995469358073247
"fixed","cond","log1p(nearest_dist_m):Season.Q:analysismigratory",0.00290419717856813,0.0608892101815207,0.0476964173112157,0.961958189426573
"fixed","cond","log1p(nearest_dist_m):Season.C:analysismigratory",0.00299914791424819,0.0618469163482419,0.0484930873086843,0.961323273490785
"fixed","cond","log1p(nearest_dist_m):Season.L:analysistotal",-0.00194039314114398,0.0584088621299608,-0.0332208687241085,0.973498456470816
"fixed","cond","log1p(nearest_dist_m):Season.Q:analysistotal",0.00282531432946136,0.0587387487761737,0.0480996682484221,0.961636810600615
"fixed","cond","log1p(nearest_dist_m):Season.C:analysistotal",0.0029165624049274,0.0591296969246726,0.0493248326410824,0.960660430014344
"fixed","cond","Season.L:analysismigratory:ghmi_mean",0.000123026942209853,0.863489823942411,0.000142476423923738,0.999886320261457
"fixed","cond","Season.Q:analysismigratory:ghmi_mean",0.000589890227705048,1.26159860788097,0.000467573619707659,0.99962693024139
"fixed","cond","Season.C:analysismigratory:ghmi_mean",0.000646578597782524,1.15852322676409,0.000558105856529529,0.999554695976899
"fixed","cond","Season.L:analysistotal:ghmi_mean",-0.000218160197241607,1.21974752209367,-0.000178856848068967,0.999857292883093
"fixed","cond","Season.Q:analysistotal:ghmi_mean",0.000577491890086656,1.24768017017663,0.000462852503302112,0.999630697146872
"fixed","cond","Season.C:analysistotal:ghmi_mean",0.000651164194933033,1.24820445984296,0.00052168071488461,0.999583759030805
"fixed","cond","Season.L:analysismigratory:dominant_class",0.000761523958380117,0.0519126189358481,0.0146693419440307,0.98829597831117
"fixed","cond","Season.Q:analysismigratory:dominant_class",0.00229517695126027,0.0530797226125699,0.0432401836010489,0.965510073146712
"fixed","cond","Season.C:analysismigratory:dominant_class",0.00249090101600755,0.0531999564258889,0.0468214860190259,0.962655504444561
"fixed","cond","Season.L:analysistotal:dominant_class",-0.00110222953570039,0.050920199867984,-0.0216462138514389,0.982730168833208
"fixed","cond","Season.Q:analysistotal:dominant_class",0.00227610874027774,0.0510806626907022,0.0445591075053151,0.964458737746684
"fixed","cond","Season.C:analysistotal:dominant_class",0.00242658315917583,0.0511088516988735,0.0474787258667625,0.962131685509901
"fixed","cond","Season.L:analysismigratory:Shape_Area",-1.24493177407452e-06,NA,NA,NA
"fixed","cond","Season.Q:analysismigratory:Shape_Area",-8.45290945886518e-07,6.12476534570043e-07,-1.38011972406406,0.167549785246064
"fixed","cond","Season.C:analysismigratory:Shape_Area",1.39976346964853e-06,NA,NA,NA
"fixed","cond","Season.L:analysistotal:Shape_Area",-1.80946568580985e-06,NA,NA,NA
"fixed","cond","Season.Q:analysistotal:Shape_Area",-7.14622675507802e-07,1.03400981583257e-06,-0.691117883569023,0.489491462583648
"fixed","cond","Season.C:analysistotal:Shape_Area",1.15836990461838e-06,1.45305478279056e-06,0.797196305561005,0.42533703133213
